Антипов,Иван,+79046734789,AA07AMM
Антонов,Дмитрий,+79046734790,AAC792H
Фролов,Николай,+79046734791,AAY452D
Медведев,Владимир,+79046734782,AB01MFL
Костюшкин,Георгий,+79046734783,AB14GMD
Галимов,Харитон,+79046734784,AB15UVT
Овечкин,Евгений,+79046734785,AB19NWG
Панин,Иван,+79046734786,ABV496J
Кучеров,Петр,+79046734787,ABW940K
Зарипов,Исмаил,+79046734788,ABX857D
Морозов,Лев,+79046734795,ABY761G
Зиновьев,Иван,+79046734796,AC03BXC
Никулин,Вадим,+79046734797,AC04VYH
Задворьев,Иван,+79046734796,AC08RRN
Казионов,Игорь,+79046734799,AC15VJX